sex,age,address,FamilySize,ParentStatus,MotherEducation,FatherEducation,MotherJob,FatherJob,reason,guardian,traveltime_in_min,studytime_in_hrs,no_of_failures,SchoolSupport,FamilySupport,ExtraPaidClasses,activities,nursery,higher,internet,romantic,FamilyRelation,freetime,Hangout,DailyAlcoholConsumption,WeekendAlcoholConsumption,health,absences,finalmarks,final_marks_in_percentage,finalgrades
F,18,Urban,Greater_Than_3,Apart,higher_education,higher_education,at_home,teacher,course,mother,15_30,2-5,0,yes,no,no,no,yes,yes,no,no,very_good,medium,high,very_low,very_low,good,6,6,30.0,1.2
F,17,Urban,Greater_Than_3,Together,primary_education,primary_education,at_home,other,course,father,<15,2-5,0,no,yes,no,no,no,yes,yes,no,excellent,medium,medium,very_low,very_low,good,,6,30.0,1.2
F,15,Urban,Less_Equal_3,Together,primary_education,primary_education,at_home,other,other,mother,<15,2-5,3,yes,no,yes,no,yes,yes,yes,no,very_good,medium,low,low,medium,good,10,10,50.0,2.0
F,15,,Greater_Than_3,Together,higher_education,lower_secondary,health,services,home,mother,<15,5-10,0,no,yes,yes,yes,yes,yes,yes,yes,good,low,low,very_low,very_low,excellent,2,15,75.0,3.0
F,16,Urban,Greater_Than_3,Together,secondary_education,secondary_education,other,other,home,father,<15,2-5,0,no,yes,yes,no,yes,yes,no,no,very_good,medium,low,very_low,low,excellent,,10,50.0,2.0
M,16,Urban,Less_Equal_3,Together,higher_education,secondary_education,services,other,reputation,mother,<15,2-5,0,no,yes,yes,yes,yes,yes,yes,no,excellent,high,low,very_low,low,excellent,10,15,75.0,3.0
M,16,Urban,Less_Equal_3,Together,lower_secondary,lower_secondary,other,other,home,mother,<15,2-5,0,no,no,no,no,yes,yes,yes,no,very_good,high,high,very_low,very_low,good,0,11,55.00000000000001,2.2
F,17,,Greater_Than_3,Apart,higher_education,higher_education,other,teacher,home,mother,15_30,2-5,0,yes,yes,no,no,yes,yes,no,no,very_good,very_low,high,very_low,very_low,very_bad,6,6,30.0,1.2
M,15,Urban,Less_Equal_3,Apart,secondary_education,lower_secondary,services,other,home,mother,<15,2-5,0,no,yes,yes,no,yes,yes,yes,no,very_good,low,low,very_low,very_low,very_bad,0,19,95.0,3.8
M,,Urban,Greater_Than_3,Together,secondary_education,higher_education,other,other,home,mother,<15,2-5,0,no,yes,yes,yes,yes,yes,yes,no,excellent,very_high,very_low,very_low,very_low,excellent,0,15,75.0,3.0
F,15,Urban,Greater_Than_3,Together,higher_education,higher_education,teacher,health,reputation,mother,<15,2-5,0,no,yes,yes,no,yes,yes,yes,no,good,medium,medium,very_low,low,bad,0,9,45.0,1.8
F,15,Urban,Greater_Than_3,Together,lower_secondary,primary_education,services,other,reputation,father,30_60,5-10,0,no,yes,no,yes,yes,yes,yes,no,excellent,low,low,very_low,very_low,very_good,4,12,60.0,2.4
M,15,Urban,Less_Equal_3,Together,higher_education,higher_education,health,services,course,father,<15,<2,0,no,yes,yes,yes,yes,yes,yes,no,very_good,medium,medium,very_low,medium,excellent,2,14,70.0,2.8
M,15,Urban,Greater_Than_3,Together,higher_education,secondary_education,teacher,other,course,mother,15_30,2-5,0,no,yes,yes,no,yes,yes,yes,no,excellent,high,medium,very_low,low,good,2,11,55.00000000000001,2.2
M,15,Urban,Greater_Than_3,Apart,lower_secondary,lower_secondary,other,other,home,other,<15,5-10,0,no,yes,no,no,yes,yes,yes,yes,very_good,very_high,low,very_low,very_low,good,0,16,80.0,3.2
F,16,Urban,Greater_Than_3,Together,higher_education,higher_education,health,other,home,mother,<15,<2,0,no,yes,no,no,yes,yes,yes,no,very_good,high,high,very_low,low,bad,,14,70.0,2.8
F,,Urban,Greater_Than_3,Together,higher_education,higher_education,services,services,reputation,mother,<15,5-10,0,no,yes,yes,yes,yes,yes,yes,no,good,low,medium,very_low,low,bad,6,14,70.0,2.8
F,16,Urban,Greater_Than_3,Together,secondary_education,secondary_education,other,other,reputation,mother,30_60,2-5,0,yes,yes,no,yes,yes,yes,no,no,excellent,medium,low,very_low,very_low,very_good,4,10,50.0,2.0
M,17,Urban,Greater_Than_3,Together,secondary_education,lower_secondary,services,services,course,mother,<15,<2,3,no,yes,no,yes,yes,yes,yes,no,excellent,very_high,very_high,low,high,excellent,16,5,25.0,1.0
M,16,Urban,Less_Equal_3,Together,higher_education,secondary_education,health,other,home,father,<15,<2,0,no,no,yes,yes,yes,yes,yes,no,good,very_low,medium,very_low,medium,excellent,4,10,50.0,2.0
M,15,Urban,Greater_Than_3,Together,higher_education,secondary_education,teacher,other,reputation,mother,<15,2-5,0,no,no,no,no,yes,yes,yes,no,very_good,high,very_low,very_low,very_low,very_bad,0,15,75.0,3.0
M,15,Urban,Greater_Than_3,Together,higher_education,higher_education,health,health,other,father,<15,<2,0,no,yes,yes,no,yes,yes,yes,no,excellent,high,low,very_low,very_low,excellent,0,15,75.0,3.0
M,16,Urban,Less_Equal_3,Together,higher_education,lower_secondary,teacher,other,course,mother,<15,2-5,0,no,no,no,yes,yes,yes,yes,no,very_good,very_high,very_low,very_low,medium,excellent,2,16,80.0,3.2
M,,Urban,Less_Equal_3,Together,lower_secondary,lower_secondary,other,other,reputation,mother,15_30,2-5,0,no,yes,no,yes,yes,yes,yes,no,excellent,high,high,low,high,excellent,0,12,60.0,2.4
F,15,Rural,Greater_Than_3,Together,lower_secondary,higher_education,services,health,course,mother,<15,5-10,0,yes,yes,yes,yes,yes,yes,yes,no,very_good,medium,low,very_low,very_low,excellent,2,8,40.0,1.6
F,16,Urban,Greater_Than_3,Together,lower_secondary,lower_secondary,services,services,home,mother,<15,<2,2,no,yes,yes,no,no,yes,yes,no,very_bad,low,low,very_low,medium,excellent,14,8,40.0,1.6
M,15,Urban,Greater_Than_3,Together,lower_secondary,lower_secondary,other,other,home,mother,<15,<2,0,no,yes,yes,no,yes,yes,yes,no,very_good,low,low,very_low,low,excellent,2,11,55.00000000000001,2.2
M,15,Urban,Greater_Than_3,Together,higher_education,lower_secondary,health,services,other,mother,<15,<2,0,no,no,yes,no,yes,yes,yes,no,bad,low,high,low,high,very_bad,4,15,75.0,3.0
M,16,Urban,Less_Equal_3,Apart,secondary_education,higher_education,services,other,home,mother,<15,2-5,0,yes,yes,no,yes,yes,yes,yes,no,excellent,medium,medium,very_low,very_low,excellent,4,11,55.00000000000001,2.2
M,16,Urban,Greater_Than_3,Together,higher_education,higher_education,teacher,teacher,home,mother,<15,2-5,0,no,yes,yes,yes,yes,yes,yes,yes,very_good,high,very_high,very_high,very_high,excellent,16,11,55.00000000000001,2.2
M,15,Urban,Greater_Than_3,Together,higher_education,higher_education,health,services,home,mother,<15,2-5,0,no,yes,yes,no,no,yes,yes,no,excellent,high,low,medium,high,excellent,0,12,60.0,2.4
M,15,Urban,Greater_Than_3,Together,higher_education,higher_education,services,services,reputation,mother,15_30,2-5,0,no,yes,no,yes,yes,yes,yes,no,very_good,medium,very_low,very_low,very_low,excellent,0,17,85.0,3.4
M,15,Rural,Greater_Than_3,Together,higher_education,secondary_education,teacher,at_home,course,mother,<15,2-5,0,no,yes,no,yes,yes,yes,yes,yes,very_good,very_high,low,very_low,very_low,excellent,0,16,80.0,3.2
M,15,Urban,Less_Equal_3,Together,secondary_education,secondary_education,other,other,course,mother,<15,2-5,0,no,no,no,yes,no,yes,yes,no,excellent,medium,low,very_low,very_low,bad,0,12,60.0,2.4
M,16,Urban,Greater_Than_3,Together,secondary_education,lower_secondary,other,other,home,mother,<15,<2,0,no,yes,yes,no,no,yes,yes,no,excellent,high,medium,very_low,very_low,excellent,0,15,75.0,3.0
F,15,Urban,Greater_Than_3,Together,lower_secondary,secondary_education,other,other,other,father,15_30,<2,0,no,yes,no,yes,yes,yes,no,no,good,very_high,very_low,very_low,very_low,excellent,0,6,30.0,1.2
M,15,Urban,Less_Equal_3,Together,higher_education,secondary_education,teacher,services,home,mother,<15,5-10,0,no,yes,no,yes,yes,yes,yes,no,excellent,high,medium,very_low,very_low,very_good,2,18,90.0,3.6
M,16,Rural,Greater_Than_3,Apart,higher_education,higher_education,other,teacher,reputation,mother,15_30,5-10,0,no,yes,no,yes,yes,yes,yes,yes,bad,high,medium,very_low,very_low,excellent,7,15,75.0,3.0
F,15,Rural,Greater_Than_3,Together,secondary_education,higher_education,services,health,course,mother,<15,5-10,0,yes,yes,yes,yes,yes,yes,yes,no,very_good,medium,low,very_low,very_low,excellent,2,11,55.00000000000001,2.2
F,15,Rural,Greater_Than_3,Together,lower_secondary,lower_secondary,at_home,other,reputation,mother,<15,<2,0,yes,yes,yes,yes,yes,yes,no,no,very_good,medium,very_low,very_low,very_low,bad,8,13,65.0,2.6
F,16,Urban,Less_Equal_3,Together,lower_secondary,lower_secondary,other,other,home,mother,15_30,2-5,1,no,yes,no,yes,no,yes,yes,yes,good,medium,medium,very_low,low,good,25,11,55.00000000000001,2.2
M,15,Urban,Less_Equal_3,Together,higher_education,higher_education,teacher,other,home,other,<15,<2,0,no,yes,no,no,no,yes,yes,yes,excellent,high,medium,low,high,excellent,8,12,60.0,2.4
M,15,Urban,Greater_Than_3,Together,higher_education,higher_education,services,teacher,course,father,<15,2-5,0,no,yes,no,yes,yes,yes,yes,no,very_good,medium,medium,very_low,very_low,excellent,2,18,90.0,3.6
M,15,Urban,Greater_Than_3,Together,lower_secondary,lower_secondary,services,services,course,father,<15,<2,0,yes,yes,no,no,yes,yes,yes,no,excellent,high,very_low,very_low,very_low,very_bad,0,11,55.00000000000001,2.2
F,16,Urban,Less_Equal_3,Together,lower_secondary,lower_secondary,other,at_home,course,father,15_30,2-5,1,yes,no,no,yes,yes,yes,yes,no,very_good,medium,medium,low,low,excellent,14,9,45.0,1.8
F,15,Urban,Less_Equal_3,Apart,higher_education,secondary_education,other,other,course,mother,<15,2-5,0,yes,yes,yes,yes,yes,yes,yes,yes,excellent,low,low,very_low,very_low,excellent,8,6,30.0,1.2
F,16,Urban,Less_Equal_3,Apart,secondary_education,secondary_education,other,services,home,mother,<15,2-5,0,no,yes,no,no,yes,yes,yes,no,bad,medium,very_high,very_low,high,good,12,11,55.00000000000001,2.2
M,16,Urban,Greater_Than_3,Together,higher_education,secondary_education,health,services,reputation,mother,<15,>10,0,no,no,no,yes,yes,yes,yes,no,very_good,low,low,very_low,very_low,bad,4,20,100.0,4.0
M,15,Urban,Greater_Than_3,Together,higher_education,lower_secondary,teacher,other,home,mother,<15,2-5,0,no,yes,yes,no,yes,yes,no,no,very_good,medium,medium,low,low,excellent,2,14,70.0,2.8
F,15,Urban,Greater_Than_3,Together,higher_education,higher_education,services,teacher,other,father,<15,2-5,1,yes,yes,no,yes,no,yes,yes,no,very_good,high,high,very_low,very_low,good,2,7,35.0,1.4
F,16,Urban,Less_Equal_3,Together,lower_secondary,lower_secondary,services,services,course,mother,30_60,2-5,0,no,yes,yes,no,yes,yes,yes,no,very_good,medium,medium,low,medium,very_good,2,13,65.0,2.6
F,15,Urban,Less_Equal_3,Together,higher_education,lower_secondary,health,other,other,mother,<15,2-5,0,no,yes,yes,no,yes,yes,yes,no,very_good,medium,medium,very_low,very_low,excellent,2,13,65.0,2.6
M,15,Urban,Less_Equal_3,Apart,higher_education,lower_secondary,health,health,other,father,15_30,<2,1,no,no,no,no,yes,yes,no,no,excellent,very_high,very_high,medium,high,excellent,6,10,50.0,2.0
F,15,Urban,Greater_Than_3,Together,higher_education,higher_education,services,services,course,mother,<15,<2,0,yes,yes,yes,no,yes,yes,yes,no,good,medium,high,low,medium,excellent,0,11,55.00000000000001,2.2
F,15,Urban,Less_Equal_3,Apart,secondary_education,secondary_education,other,other,other,mother,<15,<2,0,no,no,yes,no,yes,yes,yes,no,excellent,medium,high,high,high,very_bad,6,13,65.0,2.6
F,16,Urban,Greater_Than_3,Apart,lower_secondary,primary_education,other,other,other,mother,<15,2-5,0,no,no,yes,yes,yes,yes,yes,yes,excellent,medium,high,very_low,very_low,bad,8,10,50.0,2.0
F,15,Urban,Greater_Than_3,Apart,higher_education,secondary_education,services,services,reputation,mother,<15,2-5,0,no,yes,yes,yes,yes,yes,yes,no,very_good,medium,low,very_low,very_low,very_bad,0,15,75.0,3.0
M,15,Urban,Greater_Than_3,Together,higher_education,higher_education,teacher,health,reputation,mother,<15,2-5,0,no,yes,no,yes,yes,yes,no,no,good,low,low,very_low,very_low,excellent,4,15,75.0,3.0
M,15,Urban,Less_Equal_3,Together,primary_education,lower_secondary,other,at_home,home,father,<15,2-5,0,yes,yes,no,yes,yes,yes,yes,no,very_good,medium,low,very_low,very_low,excellent,2,9,45.0,1.8
F,16,Urban,Greater_Than_3,Together,higher_education,lower_secondary,services,other,course,mother,<15,2-5,0,no,yes,no,no,yes,yes,yes,no,very_good,low,medium,very_low,very_low,excellent,2,16,80.0,3.2
F,16,Rural,Greater_Than_3,Together,higher_education,higher_education,health,teacher,other,mother,<15,2-5,0,no,yes,no,yes,yes,yes,no,no,bad,high,high,low,medium,very_good,6,11,55.00000000000001,2.2
F,16,Urban,Greater_Than_3,Together,primary_education,primary_education,services,services,course,father,>60,<2,0,yes,yes,no,yes,no,yes,yes,yes,excellent,very_high,very_high,very_high,very_high,excellent,6,11,55.00000000000001,2.2
F,16,Urban,Less_Equal_3,Together,primary_education,lower_secondary,other,services,reputation,father,<15,2-5,0,yes,no,no,yes,yes,yes,yes,no,very_good,high,medium,very_low,very_low,very_bad,4,9,45.0,1.8
F,16,Urban,Greater_Than_3,Together,higher_education,secondary_education,teacher,health,home,mother,<15,5-10,0,yes,yes,yes,yes,yes,yes,yes,no,good,high,high,low,high,very_good,2,9,45.0,1.8
F,15,Urban,Less_Equal_3,Together,higher_education,secondary_education,services,services,reputation,father,<15,2-5,0,yes,no,no,yes,yes,yes,yes,yes,very_good,high,high,low,high,bad,0,10,50.0,2.0
F,16,Urban,Less_Equal_3,Together,higher_education,secondary_education,teacher,services,course,mother,30_60,2-5,0,no,yes,no,yes,yes,yes,yes,no,excellent,high,medium,very_low,low,very_bad,2,15,75.0,3.0
M,15,Urban,Greater_Than_3,Apart,higher_education,higher_education,other,services,reputation,mother,<15,>10,0,no,yes,no,yes,no,yes,yes,yes,very_bad,medium,medium,very_high,very_high,good,4,12,60.0,2.4
F,16,Urban,Greater_Than_3,Together,secondary_education,primary_education,services,other,course,mother,<15,>10,0,yes,yes,yes,no,yes,yes,yes,no,very_good,medium,medium,very_low,low,excellent,4,6,30.0,1.2
F,15,Rural,Less_Equal_3,Together,lower_secondary,lower_secondary,health,services,reputation,mother,15_30,2-5,0,yes,yes,yes,no,yes,yes,yes,no,very_good,very_low,medium,very_low,medium,very_good,2,8,40.0,1.6
F,15,Rural,Less_Equal_3,Together,secondary_education,primary_education,other,other,reputation,father,15_30,>10,0,no,yes,no,no,no,yes,yes,no,very_good,high,low,low,medium,good,12,16,80.0,3.2
M,16,Urban,Greater_Than_3,Together,secondary_education,primary_education,other,other,reputation,father,15_30,>10,0,no,yes,yes,no,yes,yes,yes,no,very_good,medium,low,very_low,very_low,excellent,0,15,75.0,3.0
M,15,Urban,Greater_Than_3,Together,higher_education,lower_secondary,other,other,course,mother,<15,>10,0,no,no,no,no,yes,yes,yes,no,good,medium,medium,very_low,very_low,good,0,10,50.0,2.0
F,15,Rural,Greater_Than_3,Together,primary_education,primary_education,other,other,reputation,mother,<15,2-5,2,yes,yes,no,no,no,yes,yes,yes,good,medium,high,low,high,excellent,2,5,25.0,1.0
M,16,Urban,Greater_Than_3,Together,secondary_education,primary_education,other,other,reputation,mother,<15,<2,0,no,no,no,yes,yes,yes,no,no,excellent,medium,low,low,low,excellent,2,14,70.0,2.8
F,16,Urban,Greater_Than_3,Together,secondary_education,secondary_education,other,services,home,mother,<15,2-5,0,yes,yes,yes,yes,yes,yes,yes,no,very_good,medium,medium,low,high,excellent,54,11,55.00000000000001,2.2
M,15,Urban,Greater_Than_3,Together,higher_education,secondary_education,teacher,other,home,mother,<15,2-5,0,no,yes,yes,yes,yes,yes,yes,no,very_good,medium,medium,low,medium,excellent,6,10,50.0,2.0
M,15,Urban,Greater_Than_3,Together,higher_education,no_education,teacher,other,course,mother,15_30,>10,0,no,no,no,yes,yes,yes,yes,no,good,high,medium,very_low,very_low,very_bad,8,10,50.0,2.0
F,16,Urban,Greater_Than_3,Together,lower_secondary,lower_secondary,other,other,reputation,mother,<15,>10,0,no,no,yes,no,yes,yes,yes,yes,excellent,low,medium,very_low,medium,good,0,11,55.00000000000001,2.2
M,17,Urban,Greater_Than_3,Together,lower_secondary,primary_education,other,other,home,mother,15_30,<2,3,yes,yes,no,yes,yes,no,yes,no,very_good,very_high,very_low,very_low,very_low,good,2,10,50.0,2.0
F,16,Urban,Greater_Than_3,Together,secondary_education,higher_education,at_home,other,course,mother,<15,2-5,0,no,yes,no,no,yes,yes,yes,no,bad,high,medium,very_low,low,good,12,5,25.0,1.0
M,15,Urban,Greater_Than_3,Together,lower_secondary,secondary_education,other,services,course,father,<15,<2,0,yes,yes,yes,yes,no,yes,yes,yes,good,low,low,very_low,medium,good,2,12,60.0,2.4
M,15,Urban,Greater_Than_3,Together,lower_secondary,secondary_education,other,other,home,mother,<15,5-10,0,yes,no,yes,no,no,yes,yes,no,excellent,medium,low,very_low,low,excellent,4,11,55.00000000000001,2.2
F,15,Urban,Less_Equal_3,Together,secondary_education,lower_secondary,services,other,reputation,mother,<15,2-5,0,no,yes,yes,no,yes,yes,yes,no,very_good,high,high,very_low,very_low,excellent,10,6,30.0,1.2
M,15,Urban,Less_Equal_3,Together,lower_secondary,lower_secondary,services,services,home,mother,15_30,2-5,0,no,no,yes,yes,yes,yes,yes,no,excellent,medium,medium,very_low,medium,very_good,4,15,75.0,3.0
F,15,Urban,Greater_Than_3,Together,primary_education,primary_education,other,other,home,father,<15,2-5,0,no,yes,no,yes,no,yes,yes,no,very_good,medium,low,low,medium,very_good,2,10,50.0,2.0
F,15,Urban,Greater_Than_3,Together,higher_education,higher_education,services,services,reputation,father,15_30,2-5,2,no,no,yes,no,yes,yes,yes,yes,very_good,high,high,low,medium,excellent,6,8,40.0,1.6
F,16,Urban,Less_Equal_3,Together,lower_secondary,lower_secondary,at_home,other,course,mother,<15,2-5,0,no,yes,no,no,yes,yes,no,no,very_good,medium,high,very_low,low,bad,4,6,30.0,1.2
F,15,Urban,Greater_Than_3,Together,higher_education,lower_secondary,other,other,reputation,mother,<15,5-10,0,no,yes,no,yes,yes,yes,yes,no,excellent,medium,medium,very_low,medium,very_bad,4,14,70.0,2.8
M,16,Urban,Greater_Than_3,Together,lower_secondary,lower_secondary,services,other,reputation,father,15_30,2-5,1,no,no,yes,yes,no,yes,yes,no,very_good,high,low,very_low,very_low,good,12,10,50.0,2.0
M,16,Urban,Less_Equal_3,Apart,higher_education,higher_education,teacher,health,reputation,mother,<15,2-5,0,no,yes,no,no,yes,yes,no,no,very_good,very_low,medium,medium,very_high,excellent,18,7,35.0,1.4
F,16,Urban,Greater_Than_3,Together,secondary_education,secondary_education,other,other,home,mother,<15,5-10,0,no,yes,yes,no,yes,yes,yes,yes,very_good,medium,medium,very_low,medium,very_good,0,8,40.0,1.6
F,15,Urban,Greater_Than_3,Together,higher_education,secondary_education,services,other,reputation,mother,<15,<2,0,no,no,yes,yes,yes,yes,yes,no,very_good,very_high,very_high,very_low,medium,very_bad,4,18,90.0,3.6
F,16,Urban,Less_Equal_3,Together,secondary_education,primary_education,other,other,home,father,<15,2-5,0,yes,yes,no,no,yes,yes,no,no,good,medium,medium,low,medium,bad,4,6,30.0,1.2
F,16,Urban,Greater_Than_3,Together,higher_education,lower_secondary,teacher,services,home,mother,15_30,2-5,0,no,yes,yes,yes,yes,yes,yes,no,excellent,medium,medium,very_low,very_low,very_bad,0,10,50.0,2.0
M,15,Urban,Less_Equal_3,Together,lower_secondary,lower_secondary,services,health,reputation,mother,<15,>10,0,no,yes,no,yes,yes,yes,yes,no,very_good,medium,high,very_low,very_low,very_good,6,14,70.0,2.8
F,15,Rural,Greater_Than_3,Together,primary_education,primary_education,at_home,other,home,mother,15_30,>10,1,yes,yes,yes,yes,yes,yes,yes,no,good,very_low,low,very_low,very_low,very_bad,2,10,50.0,2.0
M,16,Rural,Greater_Than_3,Together,higher_education,secondary_education,services,other,reputation,mother,15_30,<2,0,yes,yes,no,yes,no,yes,yes,no,good,medium,medium,very_low,very_low,very_good,2,15,75.0,3.0
F,16,Urban,Greater_Than_3,Together,lower_secondary,primary_education,other,other,course,mother,<15,2-5,0,no,yes,yes,no,yes,yes,no,yes,very_good,medium,very_high,very_low,very_low,excellent,2,10,50.0,2.0
F,16,Urban,Greater_Than_3,Together,higher_education,higher_education,other,other,reputation,mother,<15,<2,0,no,no,no,yes,no,yes,yes,no,excellent,medium,high,very_low,low,very_bad,6,14,70.0,2.8
F,16,Urban,Greater_Than_3,Together,higher_education,secondary_education,other,at_home,course,mother,<15,5-10,0,yes,yes,yes,no,yes,yes,yes,no,excellent,medium,very_high,very_low,very_low,good,0,8,40.0,1.6
M,16,Urban,Greater_Than_3,Together,higher_education,higher_education,services,services,other,mother,<15,<2,0,yes,yes,yes,yes,yes,yes,yes,no,very_good,very_high,very_high,very_high,very_high,very_good,14,5,25.0,1.0
M,16,Urban,Greater_Than_3,Together,higher_education,higher_education,services,teacher,other,father,<15,5-10,0,no,yes,no,yes,yes,yes,yes,yes,very_good,high,medium,very_low,very_low,very_good,0,17,85.0,3.4
M,15,Urban,Greater_Than_3,Together,higher_education,higher_education,services,other,course,mother,<15,<2,0,no,yes,no,yes,no,yes,yes,no,excellent,medium,medium,very_low,very_low,excellent,4,14,70.0,2.8
F,15,Urban,Greater_Than_3,Together,secondary_education,lower_secondary,services,other,home,mother,15_30,2-5,0,yes,yes,yes,no,yes,yes,yes,no,very_good,medium,very_high,very_low,very_low,bad,26,6,30.0,1.2
M,15,Urban,Greater_Than_3,Apart,secondary_education,higher_education,services,other,course,mother,<15,2-5,0,no,yes,yes,yes,yes,yes,yes,no,excellent,high,high,very_low,very_low,very_bad,0,18,90.0,3.6
F,15,Urban,Greater_Than_3,Apart,secondary_education,secondary_education,other,health,reputation,father,<15,>10,0,yes,no,no,no,yes,yes,no,no,very_good,medium,medium,very_low,very_low,very_good,10,11,55.00000000000001,2.2
F,15,Urban,Greater_Than_3,Together,lower_secondary,lower_secondary,other,other,course,mother,<15,>10,0,yes,yes,yes,no,yes,yes,yes,no,excellent,very_low,low,very_low,very_low,good,8,8,40.0,1.6
M,16,Urban,Greater_Than_3,Together,secondary_education,secondary_education,services,other,home,father,<15,5-10,0,no,yes,no,yes,yes,yes,yes,no,excellent,medium,medium,very_low,very_low,excellent,2,18,90.0,3.6
M,15,Rural,Greater_Than_3,Together,higher_education,higher_education,other,other,home,father,>60,>10,0,no,yes,yes,yes,yes,yes,yes,yes,very_bad,medium,very_high,medium,very_high,very_bad,6,13,65.0,2.6
F,16,Urban,Less_Equal_3,Together,higher_education,higher_education,health,health,other,mother,<15,5-10,0,no,yes,yes,yes,yes,yes,yes,yes,excellent,high,very_high,very_low,very_low,very_good,4,16,80.0,3.2
M,15,Urban,Less_Equal_3,Apart,higher_education,higher_education,teacher,teacher,course,mother,<15,<2,0,no,no,no,yes,yes,yes,yes,no,excellent,very_high,medium,very_low,very_low,very_good,6,19,95.0,3.8
F,16,Rural,Greater_Than_3,Together,secondary_education,secondary_education,services,other,reputation,father,<15,5-10,1,yes,yes,no,yes,yes,yes,yes,no,very_good,very_low,low,very_low,very_low,bad,0,10,50.0,2.0
F,16,Urban,Greater_Than_3,Together,lower_secondary,lower_secondary,at_home,other,home,mother,<15,2-5,1,yes,no,no,yes,yes,yes,yes,no,good,very_low,low,very_low,very_low,excellent,6,13,65.0,2.6
M,15,Urban,Less_Equal_3,Together,higher_education,lower_secondary,teacher,other,course,mother,<15,<2,0,no,no,no,no,yes,yes,yes,no,good,very_high,low,very_low,very_low,good,10,19,95.0,3.8
M,15,Rural,Greater_Than_3,Together,lower_secondary,primary_education,health,services,reputation,mother,<15,2-5,0,no,no,no,yes,yes,yes,yes,yes,excellent,high,low,very_low,very_low,excellent,8,9,45.0,1.8
M,16,Urban,Greater_Than_3,Together,higher_education,higher_education,teacher,teacher,course,father,<15,2-5,0,no,yes,no,yes,yes,yes,yes,no,excellent,high,high,very_low,low,excellent,2,16,80.0,3.2
M,15,Urban,Greater_Than_3,Together,higher_education,higher_education,other,teacher,reputation,father,15_30,2-5,0,no,yes,no,yes,yes,yes,no,no,very_good,high,medium,very_low,very_low,bad,2,14,70.0,2.8
M,16,Urban,Greater_Than_3,Together,secondary_education,secondary_education,other,services,home,father,15_30,<2,0,no,no,no,yes,yes,yes,yes,no,excellent,high,low,very_low,very_low,excellent,0,13,65.0,2.6
M,17,Rural,Greater_Than_3,Together,primary_education,secondary_education,other,other,course,father,30_60,2-5,1,no,yes,no,yes,yes,yes,yes,no,excellent,low,high,very_low,high,excellent,20,8,40.0,1.6
M,15,Urban,Greater_Than_3,Together,secondary_education,higher_education,other,other,reputation,father,<15,<2,0,no,no,no,no,yes,yes,yes,no,good,high,medium,very_low,low,very_good,6,13,65.0,2.6
F,15,Urban,Greater_Than_3,Together,primary_education,lower_secondary,at_home,services,course,mother,<15,2-5,0,no,no,no,no,no,yes,yes,no,good,low,medium,very_low,low,very_bad,2,15,75.0,3.0
M,15,Urban,Greater_Than_3,Together,lower_secondary,lower_secondary,services,services,home,father,<15,>10,0,no,yes,yes,yes,yes,yes,yes,no,excellent,very_high,high,very_low,low,excellent,6,15,75.0,3.0
F,16,Urban,Less_Equal_3,Together,lower_secondary,higher_education,other,health,course,father,15_30,2-5,0,no,yes,yes,yes,yes,yes,yes,yes,very_good,low,low,very_low,low,excellent,2,13,65.0,2.6
M,16,Urban,Greater_Than_3,Together,higher_education,higher_education,health,other,course,mother,<15,<2,0,no,yes,no,yes,yes,yes,yes,no,good,high,high,very_low,high,excellent,18,13,65.0,2.6
F,16,Urban,Greater_Than_3,Together,lower_secondary,lower_secondary,other,other,home,mother,<15,2-5,0,no,no,yes,no,yes,yes,yes,yes,excellent,high,high,very_low,very_low,excellent,0,8,40.0,1.6
M,15,Urban,Greater_Than_3,Together,secondary_education,higher_education,services,services,home,father,<15,<2,0,yes,no,no,no,yes,yes,yes,no,excellent,very_high,very_high,medium,low,excellent,0,12,60.0,2.4
F,15,Urban,Less_Equal_3,Apart,secondary_education,higher_education,other,other,home,mother,<15,2-5,0,yes,no,no,yes,yes,yes,yes,yes,excellent,medium,low,very_low,very_low,very_bad,0,11,55.00000000000001,2.2
F,19,Urban,Greater_Than_3,Together,no_education,primary_education,at_home,other,course,other,<15,2-5,3,no,yes,no,no,no,no,no,no,good,high,low,very_low,very_low,excellent,2,9,45.0,1.8
M,18,Rural,Greater_Than_3,Together,lower_secondary,lower_secondary,services,other,reputation,mother,<15,<2,2,no,yes,no,yes,yes,yes,yes,no,good,medium,medium,very_low,low,very_good,0,0,0.0,0.0
M,16,Rural,Greater_Than_3,Together,higher_education,higher_education,teacher,teacher,course,mother,<15,<2,0,no,no,yes,yes,yes,yes,yes,no,good,very_high,very_high,low,very_high,very_good,8,18,90.0,3.6
F,15,Rural,Greater_Than_3,Together,secondary_education,higher_education,services,teacher,course,father,15_30,5-10,2,no,yes,no,no,yes,yes,yes,yes,very_good,low,low,low,low,excellent,0,0,0.0,0.0
F,15,Urban,Greater_Than_3,Together,primary_education,primary_education,at_home,other,course,mother,30_60,<2,0,no,yes,no,yes,no,yes,yes,yes,very_good,medium,medium,very_low,low,very_good,0,0,0.0,0.0
F,17,Urban,Less_Equal_3,Together,lower_secondary,lower_secondary,other,other,course,father,<15,<2,0,no,yes,no,no,yes,yes,yes,yes,good,high,high,very_low,medium,excellent,12,12,60.0,2.4
F,16,Urban,Greater_Than_3,Apart,secondary_education,higher_education,services,other,course,father,<15,<2,0,no,no,no,no,yes,yes,yes,no,good,low,very_low,very_low,high,excellent,16,11,55.00000000000001,2.2
M,15,Rural,Greater_Than_3,Together,secondary_education,higher_education,at_home,teacher,course,mother,>60,2-5,0,no,yes,no,no,yes,yes,no,yes,excellent,medium,medium,very_low,very_low,excellent,0,0,0.0,0.0
F,15,Urban,Greater_Than_3,Together,higher_education,higher_education,services,at_home,course,mother,<15,5-10,0,no,yes,no,yes,yes,yes,yes,yes,very_good,medium,medium,very_low,very_low,excellent,0,0,0.0,0.0
M,17,Rural,Greater_Than_3,Together,secondary_education,higher_education,at_home,other,course,mother,30_60,2-5,0,no,no,no,no,yes,yes,no,no,excellent,high,very_high,low,high,excellent,0,0,0.0,0.0
F,16,Urban,Greater_Than_3,Apart,secondary_education,secondary_education,other,other,course,other,15_30,<2,2,no,yes,no,yes,no,yes,yes,yes,very_good,medium,low,very_low,very_low,excellent,0,0,0.0,0.0
M,16,Urban,Less_Equal_3,Together,primary_education,primary_education,services,other,course,mother,<15,2-5,1,no,no,no,no,yes,yes,no,yes,very_good,high,high,very_low,medium,excellent,0,12,60.0,2.4
F,15,Urban,Greater_Than_3,Together,higher_education,higher_education,teacher,teacher,course,mother,15_30,<2,0,no,no,no,yes,yes,yes,yes,no,very_good,medium,low,very_low,very_low,excellent,0,15,75.0,3.0
M,15,Urban,Greater_Than_3,Together,higher_education,secondary_education,teacher,services,course,father,15_30,>10,0,yes,yes,no,no,yes,yes,yes,no,bad,low,low,very_low,very_low,good,0,0,0.0,0.0
M,16,Urban,Less_Equal_3,Together,lower_secondary,lower_secondary,services,services,reputation,father,15_30,<2,2,no,yes,no,yes,yes,yes,yes,no,bad,medium,medium,low,low,bad,8,9,45.0,1.8
F,15,Urban,Greater_Than_3,Together,higher_education,higher_education,teacher,services,course,mother,<15,5-10,0,no,yes,yes,yes,yes,yes,yes,no,very_good,low,low,very_low,very_low,excellent,2,11,55.00000000000001,2.2
F,16,Urban,Less_Equal_3,Together,primary_education,primary_education,at_home,at_home,course,mother,<15,<2,0,no,no,no,no,yes,yes,yes,no,good,high,high,medium,medium,very_bad,2,13,65.0,2.6
M,17,Urban,Greater_Than_3,Together,lower_secondary,primary_education,other,other,home,mother,<15,<2,3,no,yes,no,no,yes,yes,yes,no,excellent,high,very_high,very_low,low,excellent,0,0,0.0,0.0
F,15,Urban,Greater_Than_3,Together,primary_education,primary_education,other,services,course,father,<15,2-5,0,no,yes,yes,no,yes,yes,yes,no,very_good,high,low,very_low,low,excellent,0,11,55.00000000000001,2.2
F,15,Urban,Greater_Than_3,Together,secondary_education,lower_secondary,health,services,home,father,<15,2-5,3,no,yes,no,no,yes,yes,yes,no,good,medium,low,very_low,very_low,good,0,0,0.0,0.0
F,15,Urban,Greater_Than_3,Together,primary_education,lower_secondary,at_home,other,course,mother,<15,2-5,0,no,yes,yes,no,no,yes,yes,no,very_good,medium,low,very_low,very_low,excellent,2,11,55.00000000000001,2.2
M,16,Urban,Greater_Than_3,Together,higher_education,higher_education,teacher,teacher,course,mother,<15,<2,0,no,yes,no,no,yes,no,yes,yes,good,medium,low,low,very_low,excellent,0,0,0.0,0.0
M,15,Urban,Less_Equal_3,Apart,lower_secondary,primary_education,services,other,course,mother,>60,<2,3,no,no,no,no,yes,yes,yes,no,very_good,very_high,very_high,low,very_high,excellent,0,10,50.0,2.0
M,18,Urban,Less_Equal_3,Together,primary_education,primary_education,other,other,course,mother,<15,<2,3,no,no,no,no,yes,no,yes,yes,bad,medium,very_high,low,very_high,very_good,0,0,0.0,0.0
M,16,Urban,Less_Equal_3,Together,lower_secondary,primary_education,at_home,other,course,mother,<15,<2,1,no,no,no,yes,yes,yes,no,yes,very_good,high,high,medium,very_high,excellent,6,14,70.0,2.8
F,15,Rural,Greater_Than_3,Together,secondary_education,secondary_education,services,services,reputation,other,15_30,5-10,2,no,yes,yes,yes,yes,yes,yes,yes,very_good,low,very_low,low,medium,good,8,10,50.0,2.0
M,19,Urban,Greater_Than_3,Together,secondary_education,lower_secondary,services,at_home,home,mother,<15,<2,3,no,yes,no,no,yes,no,yes,yes,very_good,very_high,high,very_low,very_low,very_good,0,0,0.0,0.0
F,17,Urban,Greater_Than_3,Together,higher_education,higher_education,other,teacher,course,mother,<15,<2,0,yes,yes,no,no,yes,yes,no,yes,very_good,low,very_low,very_low,very_low,very_good,0,12,60.0,2.4
M,15,Rural,Greater_Than_3,Together,lower_secondary,secondary_education,at_home,services,course,mother,<15,2-5,0,yes,no,yes,yes,yes,yes,no,no,very_good,high,high,very_low,very_low,very_bad,2,8,40.0,1.6
M,17,Rural,Less_Equal_3,Together,primary_education,lower_secondary,other,other,reputation,mother,<15,<2,0,no,no,no,no,yes,yes,no,no,bad,low,low,medium,medium,excellent,8,13,65.0,2.6
F,18,Rural,Greater_Than_3,Together,primary_education,primary_education,at_home,other,course,mother,30_60,<2,3,no,yes,no,yes,no,yes,no,no,excellent,low,very_high,very_low,very_high,very_good,6,10,50.0,2.0
M,16,Rural,Greater_Than_3,Together,lower_secondary,lower_secondary,at_home,other,course,mother,30_60,<2,0,no,no,no,no,no,yes,no,no,very_good,low,low,very_low,low,good,2,15,75.0,3.0
M,16,Urban,Greater_Than_3,Together,secondary_education,secondary_education,other,services,course,father,<15,2-5,1,no,yes,yes,no,yes,yes,yes,yes,very_good,very_high,very_high,high,high,excellent,4,12,60.0,2.4
M,17,Rural,Less_Equal_3,Together,lower_secondary,primary_education,at_home,other,course,mother,15_30,<2,2,no,no,no,yes,yes,no,yes,yes,good,medium,low,low,low,excellent,0,0,0.0,0.0
M,15,Rural,Greater_Than_3,Together,secondary_education,lower_secondary,other,other,course,mother,15_30,2-5,2,yes,yes,no,no,yes,yes,yes,yes,very_good,high,high,very_low,high,good,6,7,35.0,1.4
M,16,Urban,Less_Equal_3,Together,primary_education,lower_secondary,other,other,course,mother,15_30,<2,1,no,no,no,yes,yes,yes,no,no,very_good,high,high,low,high,excellent,0,0,0.0,0.0
M,17,Urban,Greater_Than_3,Together,primary_education,secondary_education,at_home,services,course,father,<15,<2,0,no,no,no,no,yes,no,yes,no,excellent,medium,medium,very_low,high,bad,2,10,50.0,2.0
M,17,Rural,Less_Equal_3,Together,primary_education,primary_education,other,services,course,mother,>60,2-5,3,no,no,no,yes,yes,no,no,yes,excellent,medium,very_high,very_low,very_high,excellent,0,7,35.0,1.4
M,16,Urban,Greater_Than_3,Together,secondary_education,lower_secondary,services,services,course,mother,15_30,<2,1,no,yes,no,yes,no,no,no,no,very_good,very_high,low,very_low,very_low,bad,16,12,60.0,2.4
M,16,Urban,Greater_Than_3,Together,lower_secondary,lower_secondary,other,other,course,father,<15,2-5,0,no,no,no,no,yes,no,yes,no,very_good,medium,very_high,low,high,very_good,4,10,50.0,2.0
F,16,Urban,Greater_Than_3,Together,higher_education,lower_secondary,health,services,home,father,<15,2-5,0,no,no,yes,no,yes,yes,yes,yes,very_good,low,medium,very_low,very_low,good,0,16,80.0,3.2
F,16,Urban,Greater_Than_3,Together,lower_secondary,lower_secondary,other,other,home,mother,<15,2-5,0,no,yes,yes,no,no,yes,yes,no,excellent,very_low,very_high,very_low,very_low,very_good,0,0,0.0,0.0
F,16,Urban,Greater_Than_3,Together,higher_education,higher_education,health,health,reputation,mother,<15,2-5,0,no,yes,yes,no,yes,yes,yes,yes,very_good,high,low,very_low,very_low,good,0,14,70.0,2.8
M,16,Urban,Greater_Than_3,Together,secondary_education,higher_education,other,other,course,father,30_60,<2,2,no,yes,no,yes,no,yes,yes,no,good,high,very_high,low,high,bad,0,0,0.0,0.0
M,16,Urban,Greater_Than_3,Together,primary_education,no_education,other,other,reputation,mother,15_30,2-5,0,no,yes,yes,yes,yes,yes,yes,yes,very_good,medium,low,very_low,very_low,good,2,16,80.0,3.2
M,17,Urban,Less_Equal_3,Together,higher_education,higher_education,teacher,other,reputation,mother,<15,2-5,0,no,yes,yes,yes,yes,yes,yes,no,very_good,high,high,very_low,medium,excellent,0,10,50.0,2.0
F,16,Urban,Greater_Than_3,Together,primary_education,secondary_education,at_home,services,home,mother,<15,2-5,3,no,no,no,yes,no,yes,yes,yes,very_good,medium,very_high,very_low,very_low,good,0,0,0.0,0.0
F,16,Urban,Less_Equal_3,Together,secondary_education,secondary_education,other,other,reputation,mother,15_30,2-5,0,no,yes,yes,yes,yes,yes,yes,no,very_good,high,very_high,very_low,very_low,very_good,4,9,45.0,1.8
M,17,Urban,Less_Equal_3,Together,higher_education,secondary_education,teacher,other,course,mother,15_30,2-5,0,no,no,yes,yes,yes,yes,yes,no,very_good,high,high,high,high,very_good,4,9,45.0,1.8
F,16,Urban,Greater_Than_3,Together,lower_secondary,lower_secondary,services,other,reputation,mother,15_30,2-5,0,no,no,yes,yes,no,yes,yes,no,good,high,high,very_low,high,excellent,2,11,55.00000000000001,2.2
M,17,Urban,Greater_Than_3,Together,secondary_education,secondary_education,other,other,reputation,father,<15,2-5,0,no,no,no,yes,no,yes,yes,no,very_good,medium,high,very_low,high,very_good,4,6,30.0,1.2
M,16,Rural,Greater_Than_3,Together,higher_education,lower_secondary,teacher,services,other,mother,<15,<2,0,no,yes,no,yes,yes,yes,yes,yes,very_good,medium,medium,medium,high,good,10,9,45.0,1.8
M,17,Urban,Greater_Than_3,Together,higher_education,secondary_education,other,other,course,mother,<15,2-5,0,no,yes,no,yes,yes,yes,yes,yes,excellent,low,medium,very_low,very_low,bad,4,11,55.00000000000001,2.2
M,16,Urban,Greater_Than_3,Together,higher_education,secondary_education,teacher,other,home,mother,<15,2-5,0,no,yes,yes,yes,yes,yes,yes,no,good,high,medium,low,medium,good,10,8,40.0,1.6
M,16,Urban,Greater_Than_3,Together,secondary_education,secondary_education,services,other,home,mother,<15,2-5,0,no,no,yes,yes,yes,yes,yes,yes,very_good,low,medium,very_low,low,good,2,12,60.0,2.4
F,17,Urban,Greater_Than_3,Together,lower_secondary,higher_education,services,services,reputation,father,<15,2-5,0,no,yes,no,yes,yes,yes,no,no,excellent,high,low,low,medium,excellent,0,17,85.0,3.4
F,17,Urban,Less_Equal_3,Together,secondary_education,secondary_education,other,other,reputation,mother,<15,2-5,0,no,yes,no,yes,yes,yes,yes,yes,excellent,medium,medium,low,medium,very_bad,56,8,40.0,1.6
F,16,Urban,Greater_Than_3,Together,secondary_education,lower_secondary,other,other,reputation,mother,<15,2-5,0,no,yes,yes,no,yes,yes,yes,no,very_bad,low,low,very_low,low,very_bad,14,12,60.0,2.4
M,17,Urban,Greater_Than_3,Together,secondary_education,secondary_education,services,services,other,mother,<15,2-5,0,no,yes,no,yes,yes,yes,yes,yes,very_good,medium,high,low,medium,very_good,12,11,55.00000000000001,2.2
M,16,Urban,Greater_Than_3,Together,primary_education,lower_secondary,services,services,other,mother,<15,<2,0,no,yes,yes,yes,yes,yes,yes,yes,good,medium,medium,very_low,low,good,2,11,55.00000000000001,2.2
M,16,Urban,Less_Equal_3,Together,lower_secondary,primary_education,other,other,course,mother,<15,2-5,0,no,no,yes,yes,yes,yes,yes,yes,very_good,low,medium,very_low,low,excellent,0,15,75.0,3.0
F,17,Urban,Greater_Than_3,Apart,secondary_education,secondary_education,health,other,reputation,mother,<15,2-5,0,no,yes,no,no,no,yes,yes,yes,good,medium,medium,very_low,medium,good,6,9,45.0,1.8
M,17,Rural,Greater_Than_3,Together,primary_education,lower_secondary,at_home,other,home,mother,<15,2-5,0,no,no,no,no,yes,yes,no,no,good,very_low,medium,very_low,very_high,good,4,10,50.0,2.0
F,16,Urban,Greater_Than_3,Together,lower_secondary,secondary_education,services,services,course,mother,<15,2-5,0,no,no,no,no,yes,yes,yes,no,very_good,medium,medium,very_low,very_low,bad,10,13,65.0,2.6
F,17,Urban,Greater_Than_3,Together,primary_education,primary_education,at_home,services,course,mother,<15,2-5,0,no,no,no,yes,yes,yes,yes,no,excellent,medium,medium,very_low,very_low,good,0,9,45.0,1.8
M,17,Urban,Greater_Than_3,Together,primary_education,lower_secondary,at_home,services,other,other,15_30,2-5,0,no,no,yes,yes,no,yes,yes,no,very_good,high,high,high,very_high,excellent,12,8,40.0,1.6
M,16,Rural,Greater_Than_3,Together,secondary_education,secondary_education,services,services,reputation,mother,<15,<2,0,no,yes,no,yes,yes,yes,yes,no,very_good,medium,low,medium,high,excellent,8,10,50.0,2.0
M,16,Urban,Greater_Than_3,Together,lower_secondary,secondary_education,other,other,home,father,15_30,<2,0,no,no,no,no,yes,yes,yes,no,excellent,medium,medium,very_low,very_low,good,0,14,70.0,2.8
F,17,Urban,Less_Equal_3,Together,lower_secondary,higher_education,services,services,course,father,<15,2-5,0,no,no,no,yes,yes,yes,yes,yes,very_good,medium,low,very_low,very_low,excellent,0,15,75.0,3.0
M,17,Urban,Greater_Than_3,Together,higher_education,higher_education,services,teacher,home,mother,<15,<2,0,no,no,no,no,yes,yes,yes,no,excellent,low,medium,very_low,low,excellent,4,16,80.0,3.2
M,16,Rural,Less_Equal_3,Together,secondary_education,secondary_education,teacher,other,home,father,30_60,<2,0,no,yes,yes,yes,yes,yes,yes,no,good,medium,high,medium,very_high,good,8,10,50.0,2.0
F,17,Urban,Greater_Than_3,Together,higher_education,higher_education,services,teacher,home,mother,15_30,<2,1,no,yes,no,no,yes,yes,yes,no,very_good,low,high,low,medium,bad,24,18,90.0,3.6
F,16,Urban,Less_Equal_3,Together,higher_education,higher_education,teacher,teacher,reputation,mother,<15,2-5,0,no,yes,yes,no,yes,yes,yes,no,very_good,very_high,low,very_low,low,good,0,10,50.0,2.0
F,16,Urban,Greater_Than_3,Together,higher_education,secondary_education,health,other,home,mother,<15,2-5,0,no,yes,no,yes,yes,yes,yes,no,very_good,medium,very_high,very_low,very_high,bad,2,16,80.0,3.2
F,16,Urban,Greater_Than_3,Together,lower_secondary,secondary_education,other,other,reputation,mother,<15,2-5,0,yes,yes,yes,yes,yes,yes,no,no,very_good,high,medium,very_low,medium,very_good,6,10,50.0,2.0
F,17,Urban,Greater_Than_3,Together,primary_education,primary_education,other,other,course,mother,<15,2-5,0,no,yes,yes,no,no,yes,no,no,very_good,high,high,very_low,medium,very_bad,4,10,50.0,2.0
F,17,Rural,Greater_Than_3,Together,lower_secondary,lower_secondary,other,other,reputation,mother,<15,<2,0,no,yes,no,no,yes,yes,yes,no,excellent,medium,low,very_low,low,good,18,6,30.0,1.2
F,16,Rural,Greater_Than_3,Together,lower_secondary,lower_secondary,services,services,reputation,mother,15_30,>10,0,no,yes,yes,yes,no,yes,yes,no,excellent,medium,very_high,very_low,very_low,excellent,6,11,55.00000000000001,2.2
F,17,Urban,Greater_Than_3,Together,secondary_education,higher_education,at_home,services,home,mother,<15,5-10,1,no,yes,yes,no,yes,yes,yes,yes,very_good,high,medium,medium,high,excellent,28,9,45.0,1.8
F,16,Urban,Greater_Than_3,Apart,secondary_education,primary_education,services,other,course,mother,<15,2-5,3,no,yes,yes,no,yes,yes,yes,no,bad,medium,medium,low,low,very_good,5,7,35.0,1.4
F,16,Urban,Greater_Than_3,Together,higher_education,secondary_education,teacher,other,other,mother,<15,2-5,0,no,no,yes,yes,yes,yes,yes,yes,very_bad,medium,low,very_low,very_low,very_bad,10,13,65.0,2.6
F,16,Urban,Greater_Than_3,Together,primary_education,primary_education,at_home,other,home,mother,15_30,<2,0,no,yes,yes,no,yes,yes,no,no,very_good,medium,low,very_low,high,excellent,6,10,50.0,2.0
F,17,Rural,Greater_Than_3,Together,higher_education,secondary_education,teacher,other,reputation,mother,15_30,5-10,0,no,yes,yes,yes,yes,yes,yes,yes,very_good,high,low,very_low,very_low,very_good,6,7,35.0,1.4
F,19,Urban,Greater_Than_3,Together,secondary_education,secondary_education,other,other,reputation,other,<15,>10,0,no,yes,yes,yes,yes,yes,yes,no,very_good,medium,medium,very_low,low,good,10,8,40.0,1.6
M,17,Urban,Less_Equal_3,Together,higher_education,higher_education,services,other,home,mother,<15,2-5,0,no,yes,yes,no,yes,yes,yes,yes,excellent,medium,very_high,high,very_high,good,13,13,65.0,2.6
F,16,Urban,Greater_Than_3,Apart,lower_secondary,lower_secondary,other,other,reputation,mother,<15,2-5,0,yes,yes,yes,no,yes,yes,yes,no,good,medium,high,very_low,very_low,very_good,0,14,70.0,2.8
M,18,Urban,Greater_Than_3,Together,lower_secondary,lower_secondary,services,other,home,mother,<15,2-5,1,no,yes,yes,yes,yes,yes,yes,no,very_good,high,high,low,high,excellent,15,8,40.0,1.6
F,17,Rural,Less_Equal_3,Together,higher_education,higher_education,services,other,other,mother,<15,<2,0,no,yes,yes,no,yes,yes,no,no,excellent,low,very_low,very_low,low,good,12,10,50.0,2.0
F,17,Urban,Less_Equal_3,Together,secondary_education,lower_secondary,other,other,reputation,mother,15_30,2-5,0,no,no,yes,no,yes,yes,yes,no,very_good,high,high,very_low,medium,very_bad,2,15,75.0,3.0
F,17,Urban,Greater_Than_3,Together,higher_education,secondary_education,other,other,reputation,mother,<15,2-5,2,no,no,yes,no,yes,yes,yes,yes,good,high,very_high,low,high,very_bad,22,4,20.0,0.8
M,18,Urban,Less_Equal_3,Together,secondary_education,secondary_education,services,health,home,father,<15,2-5,1,no,yes,yes,no,yes,yes,yes,no,good,low,high,low,high,very_good,13,8,40.0,1.6
F,17,Urban,Greater_Than_3,Together,lower_secondary,secondary_education,at_home,other,home,father,15_30,<2,0,no,yes,yes,no,yes,yes,no,no,good,medium,medium,very_low,high,good,3,8,40.0,1.6
F,17,Urban,Greater_Than_3,Together,lower_secondary,lower_secondary,at_home,at_home,course,mother,<15,5-10,0,no,yes,yes,yes,yes,yes,yes,no,very_good,medium,medium,very_low,very_low,very_good,4,10,50.0,2.0
F,17,Rural,Greater_Than_3,Together,lower_secondary,primary_education,at_home,services,reputation,mother,15_30,2-5,0,no,yes,no,yes,yes,yes,yes,no,very_good,low,very_high,very_low,low,excellent,2,6,30.0,1.2
F,17,Urban,Greater_Than_3,Together,primary_education,primary_education,at_home,other,reputation,mother,<15,5-10,1,no,yes,no,yes,yes,yes,no,yes,very_good,medium,high,very_low,very_low,excellent,0,0,0.0,0.0
F,16,Urban,Greater_Than_3,Together,lower_secondary,secondary_education,services,teacher,other,mother,<15,2-5,0,yes,no,no,no,yes,yes,yes,no,bad,medium,very_low,very_low,very_low,good,2,17,85.0,3.4
M,18,Urban,Greater_Than_3,Together,lower_secondary,lower_secondary,other,other,home,mother,15_30,2-5,0,no,yes,yes,no,yes,yes,yes,no,good,medium,medium,very_high,very_high,very_good,0,13,65.0,2.6
F,16,Urban,Greater_Than_3,Together,higher_education,higher_education,teacher,services,home,mother,<15,5-10,0,no,yes,no,yes,no,yes,yes,no,excellent,medium,low,very_low,very_low,excellent,0,14,70.0,2.8
F,18,Rural,Greater_Than_3,Together,secondary_education,primary_education,other,other,reputation,mother,<15,2-5,1,no,no,no,yes,yes,yes,yes,yes,excellent,medium,medium,very_low,very_low,very_good,16,7,35.0,1.4
F,17,Urban,Greater_Than_3,Together,secondary_education,lower_secondary,other,other,course,mother,<15,2-5,0,no,no,no,yes,no,yes,yes,no,excellent,medium,high,very_low,medium,good,10,15,75.0,3.0
M,17,Urban,Less_Equal_3,Together,lower_secondary,secondary_education,services,services,reputation,father,<15,2-5,0,no,yes,yes,no,no,yes,yes,no,excellent,medium,medium,very_low,medium,good,2,12,60.0,2.4
M,18,Urban,Less_Equal_3,Together,lower_secondary,primary_education,at_home,other,course,mother,>60,2-5,0,yes,yes,yes,yes,yes,yes,yes,yes,very_good,medium,low,high,very_high,good,14,9,45.0,1.8
F,17,Urban,Greater_Than_3,Apart,lower_secondary,primary_education,other,other,course,mother,15_30,5-10,0,no,no,no,yes,yes,yes,yes,yes,good,low,medium,very_low,low,good,10,12,60.0,2.4
F,17,Urban,Less_Equal_3,Together,higher_education,secondary_education,health,other,reputation,father,<15,2-5,0,no,no,no,yes,yes,yes,yes,yes,good,low,medium,very_low,low,good,14,14,70.0,2.8
M,17,Rural,Greater_Than_3,Together,lower_secondary,lower_secondary,other,other,course,father,15_30,2-5,0,no,yes,yes,yes,yes,yes,yes,no,very_good,very_high,low,very_low,very_low,very_bad,4,11,55.00000000000001,2.2
M,17,Urban,Greater_Than_3,Together,higher_education,higher_education,teacher,teacher,reputation,mother,<15,2-5,0,yes,yes,no,yes,yes,yes,yes,yes,very_good,very_high,very_high,very_low,medium,bad,14,9,45.0,1.8
M,16,Urban,Greater_Than_3,Together,higher_education,higher_education,health,other,reputation,father,<15,2-5,0,no,yes,yes,yes,yes,yes,yes,no,very_good,low,high,low,high,very_bad,2,13,65.0,2.6
M,16,Urban,Less_Equal_3,Together,primary_education,primary_education,other,other,home,mother,15_30,2-5,0,no,yes,yes,no,yes,yes,yes,no,good,high,low,very_low,very_low,excellent,18,6,30.0,1.2
M,16,Urban,Greater_Than_3,Together,secondary_education,lower_secondary,at_home,other,reputation,mother,15_30,5-10,0,no,no,no,yes,yes,yes,yes,yes,excellent,medium,medium,very_low,medium,bad,10,10,50.0,2.0
M,17,Urban,Less_Equal_3,Together,lower_secondary,lower_secondary,other,other,home,father,<15,2-5,0,no,no,yes,yes,no,yes,yes,yes,very_good,high,low,very_high,very_high,very_good,4,13,65.0,2.6
F,16,Urban,Greater_Than_3,Together,lower_secondary,primary_education,other,other,home,mother,<15,<2,0,no,no,no,no,yes,yes,yes,yes,very_good,very_high,low,very_low,very_low,excellent,20,12,60.0,2.4
F,17,Rural,Greater_Than_3,Together,lower_secondary,primary_education,at_home,services,course,mother,30_60,2-5,0,no,no,no,yes,yes,yes,no,no,bad,very_low,very_low,very_low,very_low,good,2,11,55.00000000000001,2.2
M,18,Urban,Greater_Than_3,Together,lower_secondary,lower_secondary,other,services,reputation,father,<15,2-5,1,no,no,no,no,yes,no,yes,no,excellent,very_high,high,medium,very_high,bad,0,0,0.0,0.0
M,17,Urban,Less_Equal_3,Together,higher_education,secondary_education,health,other,course,mother,15_30,2-5,0,no,no,no,yes,yes,yes,yes,yes,bad,very_high,very_high,very_low,high,excellent,14,12,60.0,2.4
M,17,Rural,Less_Equal_3,Apart,higher_education,higher_education,teacher,other,course,mother,15_30,2-5,0,no,yes,yes,no,yes,yes,yes,no,good,medium,medium,low,medium,very_good,2,12,60.0,2.4
M,16,Urban,Less_Equal_3,Together,higher_education,secondary_education,teacher,other,course,mother,<15,<2,0,no,no,no,yes,no,yes,yes,no,excellent,high,very_high,very_low,very_low,good,0,0,0.0,0.0
M,16,Urban,Greater_Than_3,Together,higher_education,higher_education,services,services,course,mother,<15,<2,0,no,no,no,yes,yes,yes,yes,no,excellent,medium,low,very_low,low,excellent,0,12,60.0,2.4
F,18,Urban,Greater_Than_3,Together,lower_secondary,primary_education,other,other,course,other,15_30,5-10,0,no,yes,yes,no,no,yes,yes,yes,very_good,high,high,very_low,very_low,good,0,0,0.0,0.0
M,16,Urban,Greater_Than_3,Together,lower_secondary,primary_education,other,other,course,mother,30_60,<2,0,no,no,no,no,yes,yes,yes,no,very_good,medium,medium,very_low,very_low,very_good,6,18,90.0,3.6
M,17,Urban,Greater_Than_3,Together,lower_secondary,secondary_education,other,other,course,father,15_30,<2,0,no,no,no,no,yes,yes,yes,no,excellent,low,low,very_low,very_low,bad,4,13,65.0,2.6
M,22,Urban,Greater_Than_3,Together,secondary_education,primary_education,services,services,other,mother,<15,<2,3,no,no,no,no,no,no,yes,yes,excellent,high,very_high,very_high,very_high,very_bad,16,8,40.0,1.6
M,18,Rural,Less_Equal_3,Together,secondary_education,secondary_education,other,services,course,mother,<15,2-5,1,no,yes,no,no,yes,yes,yes,yes,very_good,medium,medium,very_low,medium,excellent,8,5,25.0,1.0
M,16,Urban,Greater_Than_3,Together,no_education,lower_secondary,other,other,other,mother,<15,<2,0,no,no,yes,no,no,yes,yes,no,very_good,medium,low,low,high,excellent,0,15,75.0,3.0
M,18,Urban,Greater_Than_3,Together,secondary_education,lower_secondary,services,other,course,mother,15_30,<2,1,no,no,no,no,yes,no,yes,no,very_good,high,very_high,low,high,excellent,0,8,40.0,1.6
M,16,Urban,Greater_Than_3,Together,secondary_education,secondary_education,at_home,other,reputation,other,30_60,2-5,0,yes,yes,no,no,no,yes,yes,no,excellent,medium,medium,very_low,medium,bad,6,10,50.0,2.0
M,18,Urban,Greater_Than_3,Together,lower_secondary,primary_education,services,services,other,mother,<15,<2,1,no,no,no,no,no,no,yes,no,good,low,very_high,low,very_high,excellent,4,8,40.0,1.6
M,16,Rural,Greater_Than_3,Together,lower_secondary,primary_education,other,other,course,mother,15_30,<2,0,no,no,no,yes,no,yes,no,no,good,medium,low,very_low,medium,good,0,8,40.0,1.6
M,17,Rural,Greater_Than_3,Together,lower_secondary,primary_education,other,other,course,mother,<15,<2,0,no,no,no,no,no,yes,yes,no,very_good,high,low,low,high,excellent,0,12,60.0,2.4
M,17,Urban,Less_Equal_3,Together,primary_education,primary_education,health,other,course,mother,15_30,<2,1,no,yes,no,yes,yes,yes,yes,no,very_good,high,high,very_low,low,excellent,2,8,40.0,1.6
F,17,Urban,Less_Equal_3,Together,higher_education,lower_secondary,teacher,services,reputation,mother,<15,>10,0,no,yes,yes,yes,yes,yes,yes,no,very_good,low,medium,very_low,very_low,very_good,6,13,65.0,2.6
M,19,Urban,Less_Equal_3,Apart,higher_education,secondary_education,services,at_home,reputation,mother,<15,2-5,0,no,yes,no,no,yes,yes,yes,no,very_good,medium,very_low,very_low,very_low,very_bad,12,11,55.00000000000001,2.2
M,18,Urban,Greater_Than_3,Together,lower_secondary,primary_education,other,other,home,mother,<15,2-5,0,no,no,no,yes,yes,yes,yes,no,excellent,low,high,very_low,low,very_good,8,14,70.0,2.8
F,17,Urban,Less_Equal_3,Together,lower_secondary,lower_secondary,services,services,course,father,<15,>10,0,no,no,yes,yes,yes,yes,yes,yes,good,high,very_low,very_low,very_low,bad,0,0,0.0,0.0
F,18,Urban,Greater_Than_3,Together,higher_education,secondary_education,services,other,home,father,<15,2-5,0,no,yes,yes,no,yes,yes,yes,yes,good,very_low,low,very_low,medium,bad,21,18,90.0,3.6
M,18,Urban,Greater_Than_3,Together,higher_education,secondary_education,teacher,other,course,mother,<15,2-5,0,no,yes,yes,no,no,yes,yes,no,very_good,medium,low,very_low,very_low,good,2,8,40.0,1.6
M,18,Rural,Greater_Than_3,Together,secondary_education,lower_secondary,other,other,course,mother,<15,5-10,0,no,no,no,yes,no,yes,no,no,excellent,medium,low,very_low,very_low,good,1,12,60.0,2.4
F,17,Urban,Greater_Than_3,Together,secondary_education,secondary_education,other,other,home,mother,<15,5-10,0,no,no,no,yes,no,yes,no,no,good,low,medium,very_low,very_low,very_good,4,9,45.0,1.8
F,18,Urban,Greater_Than_3,Together,lower_secondary,lower_secondary,at_home,services,home,mother,<15,5-10,0,no,yes,yes,yes,yes,yes,yes,yes,very_good,medium,medium,very_low,very_low,good,0,0,0.0,0.0
M,18,Rural,Less_Equal_3,Apart,secondary_education,higher_education,other,other,reputation,mother,15_30,2-5,0,no,yes,yes,yes,yes,yes,yes,no,very_good,low,very_high,medium,high,very_bad,13,17,85.0,3.4
M,17,Urban,Greater_Than_3,Together,secondary_education,primary_education,services,other,other,mother,<15,2-5,0,no,no,yes,yes,yes,yes,yes,yes,excellent,high,high,medium,high,excellent,2,10,50.0,2.0
F,18,Rural,Greater_Than_3,Together,higher_education,higher_education,teacher,other,reputation,mother,15_30,2-5,0,no,no,yes,yes,yes,yes,yes,no,very_good,medium,high,low,low,very_good,8,11,55.00000000000001,2.2
M,18,Urban,Greater_Than_3,Together,higher_education,lower_secondary,health,other,reputation,father,<15,2-5,0,no,yes,yes,yes,yes,yes,yes,yes,excellent,high,very_high,very_low,medium,excellent,10,10,50.0,2.0
F,18,Rural,Greater_Than_3,Together,lower_secondary,primary_education,other,other,reputation,mother,15_30,2-5,0,no,yes,no,no,yes,no,yes,yes,very_good,medium,very_high,very_low,low,good,0,0,0.0,0.0
F,19,Urban,Greater_Than_3,Together,secondary_education,secondary_education,other,services,home,other,<15,2-5,2,no,yes,yes,yes,yes,yes,yes,no,very_good,medium,very_high,medium,medium,excellent,15,9,45.0,1.8
F,18,Urban,Greater_Than_3,Together,lower_secondary,secondary_education,other,services,reputation,father,<15,>10,0,no,yes,yes,yes,yes,yes,yes,yes,very_good,very_high,very_high,very_low,medium,bad,4,14,70.0,2.8
F,18,Urban,Less_Equal_3,Together,primary_education,primary_education,other,other,home,mother,15_30,2-5,0,no,yes,yes,no,no,yes,no,no,very_good,high,medium,very_low,very_low,good,2,11,55.00000000000001,2.2
M,17,Rural,Greater_Than_3,Together,primary_education,lower_secondary,at_home,at_home,home,mother,<15,2-5,0,no,yes,yes,yes,no,yes,no,yes,good,very_high,low,low,low,very_bad,2,14,70.0,2.8
F,17,Urban,Greater_Than_3,Together,lower_secondary,higher_education,at_home,health,reputation,mother,15_30,2-5,0,no,yes,yes,no,yes,yes,yes,yes,very_good,medium,medium,very_low,very_low,very_bad,2,10,50.0,2.0
F,17,Urban,Less_Equal_3,Together,lower_secondary,lower_secondary,services,other,course,mother,15_30,2-5,0,yes,yes,yes,no,yes,yes,yes,yes,very_good,high,high,low,medium,excellent,6,12,60.0,2.4
F,18,Rural,Greater_Than_3,Apart,secondary_education,lower_secondary,other,services,home,mother,15_30,2-5,0,no,no,no,no,no,no,yes,yes,very_good,very_low,very_low,very_low,very_low,excellent,75,9,45.0,1.8
M,18,Urban,Greater_Than_3,Together,higher_education,higher_education,teacher,services,home,mother,15_30,<2,0,no,no,yes,yes,yes,yes,yes,no,good,low,high,very_low,high,good,22,9,45.0,1.8
F,18,Urban,Greater_Than_3,Together,higher_education,higher_education,health,health,reputation,father,<15,2-5,1,yes,yes,no,yes,yes,yes,yes,yes,bad,high,high,very_low,very_low,very_good,15,8,40.0,1.6
M,18,Urban,Less_Equal_3,Together,higher_education,secondary_education,teacher,services,course,mother,15_30,<2,0,no,no,yes,yes,yes,yes,yes,no,very_good,low,medium,very_low,low,very_bad,8,10,50.0,2.0
M,17,Urban,Less_Equal_3,Apart,higher_education,primary_education,services,other,home,mother,15_30,<2,0,no,no,yes,yes,yes,yes,yes,yes,very_good,very_high,high,low,high,excellent,30,8,40.0,1.6
M,17,Urban,Less_Equal_3,Apart,secondary_education,lower_secondary,teacher,services,home,mother,<15,<2,1,no,no,no,no,yes,yes,yes,no,very_good,high,high,medium,high,good,19,10,50.0,2.0
F,18,Rural,Less_Equal_3,Together,primary_education,primary_education,at_home,other,reputation,mother,15_30,>10,0,no,yes,yes,yes,yes,yes,no,no,excellent,low,low,very_low,very_low,good,1,12,60.0,2.4
F,18,Urban,Greater_Than_3,Together,primary_education,primary_education,other,other,home,mother,15_30,2-5,0,yes,no,no,yes,yes,yes,yes,no,excellent,high,high,very_low,very_low,very_good,4,10,50.0,2.0
F,17,Urban,Greater_Than_3,Together,lower_secondary,lower_secondary,other,other,course,mother,<15,2-5,0,no,yes,no,no,no,yes,yes,no,excellent,high,very_high,very_low,low,excellent,4,11,55.00000000000001,2.2
M,17,Urban,Greater_Than_3,Together,primary_education,primary_education,other,other,reputation,father,<15,2-5,0,no,no,yes,no,no,yes,yes,no,very_good,medium,medium,very_low,low,very_good,2,11,55.00000000000001,2.2
F,18,Urban,Greater_Than_3,Together,lower_secondary,lower_secondary,at_home,at_home,other,mother,<15,5-10,0,no,yes,yes,no,yes,yes,yes,no,very_good,medium,medium,very_low,low,bad,5,19,95.0,3.8
F,17,Urban,Greater_Than_3,Together,primary_education,primary_education,services,teacher,reputation,mother,<15,5-10,0,no,yes,yes,no,yes,yes,yes,no,very_good,medium,medium,very_low,very_low,good,6,12,60.0,2.4
M,18,Urban,Greater_Than_3,Together,lower_secondary,primary_education,services,services,reputation,mother,<15,5-10,0,no,no,yes,yes,yes,yes,yes,no,very_good,low,high,very_low,medium,bad,6,14,70.0,2.8
M,18,Urban,Less_Equal_3,Apart,higher_education,higher_education,teacher,teacher,reputation,mother,<15,2-5,0,no,yes,yes,yes,yes,yes,yes,no,excellent,high,medium,very_low,very_low,bad,9,15,75.0,3.0
M,18,Urban,Greater_Than_3,Together,higher_education,lower_secondary,teacher,other,home,mother,<15,2-5,0,no,yes,yes,yes,yes,yes,yes,yes,very_good,medium,low,very_low,high,excellent,11,11,55.00000000000001,2.2
F,17,Urban,Greater_Than_3,Together,higher_education,secondary_education,health,services,reputation,mother,<15,5-10,0,no,yes,yes,no,yes,yes,yes,no,very_good,low,low,very_low,low,good,0,15,75.0,3.0
F,18,Urban,Less_Equal_3,Together,lower_secondary,primary_education,services,at_home,reputation,mother,<15,2-5,1,no,no,no,no,yes,yes,yes,yes,excellent,high,medium,very_low,very_low,excellent,12,13,65.0,2.6
F,17,Rural,Less_Equal_3,Together,secondary_education,primary_education,services,other,reputation,mother,15_30,>10,0,no,yes,yes,no,yes,yes,no,no,good,very_low,low,very_low,very_low,good,6,18,90.0,3.6
M,18,Rural,Less_Equal_3,Together,secondary_education,lower_secondary,services,other,reputation,mother,15_30,5-10,0,no,yes,yes,yes,yes,yes,yes,no,excellent,high,low,very_low,very_low,very_good,8,14,70.0,2.8
M,17,Urban,Greater_Than_3,Together,secondary_education,secondary_education,health,other,home,mother,<15,<2,0,no,yes,yes,no,yes,yes,yes,no,very_good,high,medium,very_low,medium,excellent,4,11,55.00000000000001,2.2
F,19,Urban,Greater_Than_3,Together,higher_education,higher_education,health,other,reputation,other,15_30,2-5,0,no,yes,yes,yes,yes,yes,yes,no,bad,medium,high,low,medium,bad,0,0,0.0,0.0
F,18,Urban,Less_Equal_3,Together,higher_education,secondary_education,other,other,home,other,15_30,2-5,0,no,yes,yes,no,yes,yes,yes,yes,very_good,high,very_high,very_low,low,bad,10,8,40.0,1.6
F,18,Urban,Greater_Than_3,Together,higher_education,secondary_education,other,other,reputation,father,<15,>10,0,no,yes,yes,no,yes,yes,yes,no,very_good,medium,medium,very_low,very_low,good,0,14,70.0,2.8
M,18,Urban,Less_Equal_3,Together,higher_education,higher_education,teacher,teacher,home,mother,<15,<2,0,no,yes,yes,no,yes,yes,yes,yes,very_bad,high,low,low,low,very_bad,5,16,80.0,3.2
F,18,Urban,Less_Equal_3,Apart,higher_education,higher_education,health,other,home,mother,<15,2-5,0,no,yes,no,no,yes,yes,yes,yes,very_good,low,high,very_low,very_low,very_good,14,11,55.00000000000001,2.2
M,17,Urban,Less_Equal_3,Together,higher_education,higher_education,other,teacher,home,father,15_30,<2,0,no,no,yes,no,yes,yes,yes,no,very_good,very_low,very_low,low,low,excellent,0,10,50.0,2.0
F,17,Urban,Greater_Than_3,Together,higher_education,lower_secondary,other,other,reputation,mother,15_30,5-10,0,no,yes,yes,no,yes,yes,yes,no,very_good,medium,medium,very_low,very_low,good,0,14,70.0,2.8
F,17,Urban,Greater_Than_3,Together,secondary_education,lower_secondary,health,health,reputation,father,<15,>10,0,no,yes,yes,yes,no,yes,yes,no,excellent,low,low,very_low,low,excellent,0,18,90.0,3.6
M,19,Urban,Greater_Than_3,Together,secondary_education,secondary_education,other,other,home,other,<15,2-5,1,no,yes,no,yes,yes,yes,yes,yes,very_good,high,high,very_low,very_low,good,20,13,65.0,2.6
F,18,Urban,Greater_Than_3,Together,lower_secondary,higher_education,services,at_home,reputation,other,<15,2-5,1,no,yes,yes,yes,yes,yes,yes,no,very_good,high,medium,very_low,very_low,good,8,12,60.0,2.4
M,20,Urban,Greater_Than_3,Apart,secondary_education,lower_secondary,services,other,course,other,<15,<2,0,no,no,no,yes,yes,yes,no,no,excellent,very_high,medium,very_low,very_low,excellent,0,18,90.0,3.6
M,19,Urban,Greater_Than_3,Together,higher_education,higher_education,teacher,services,reputation,other,15_30,<2,1,no,yes,yes,no,yes,yes,yes,yes,very_good,medium,high,very_low,very_low,very_good,38,8,40.0,1.6
M,19,Rural,Greater_Than_3,Together,secondary_education,secondary_education,other,services,reputation,father,<15,2-5,1,no,no,no,yes,yes,yes,no,yes,very_good,very_high,medium,very_low,low,excellent,0,12,60.0,2.4
F,19,Urban,Less_Equal_3,Together,primary_education,primary_education,at_home,other,reputation,other,<15,2-5,1,yes,yes,no,yes,no,yes,yes,no,very_good,high,medium,very_low,medium,good,18,10,50.0,2.0
F,19,Urban,Less_Equal_3,Together,primary_education,lower_secondary,services,services,home,other,<15,2-5,1,no,no,no,yes,no,yes,no,yes,very_good,low,high,low,low,good,0,0,0.0,0.0
F,19,Urban,Greater_Than_3,Together,lower_secondary,primary_education,at_home,other,other,other,30_60,2-5,0,no,yes,no,no,yes,no,yes,yes,good,high,very_low,very_low,very_low,bad,20,13,65.0,2.6
M,19,Urban,Greater_Than_3,Together,primary_education,lower_secondary,other,services,course,other,<15,2-5,1,no,no,no,no,no,yes,yes,no,very_good,very_high,low,low,low,very_good,3,11,55.00000000000001,2.2
F,19,Urban,Less_Equal_3,Together,secondary_education,lower_secondary,services,other,reputation,other,15_30,2-5,1,no,yes,yes,no,no,yes,yes,yes,very_good,low,low,very_low,low,very_bad,22,11,55.00000000000001,2.2
F,19,Urban,Greater_Than_3,Together,primary_education,primary_education,at_home,health,home,other,<15,5-10,2,no,no,no,no,no,yes,yes,yes,very_good,very_low,low,very_low,very_low,good,14,13,65.0,2.6
F,19,Rural,Greater_Than_3,Together,lower_secondary,secondary_education,other,other,reputation,other,<15,5-10,1,no,no,no,no,yes,yes,yes,yes,very_good,very_low,low,very_low,very_low,good,40,11,55.00000000000001,2.2
F,18,Urban,Greater_Than_3,Together,lower_secondary,primary_education,services,other,course,mother,15_30,2-5,0,no,yes,yes,yes,yes,yes,yes,no,excellent,medium,medium,very_low,low,very_bad,0,0,0.0,0.0
F,18,Urban,Greater_Than_3,Together,higher_education,secondary_education,other,other,course,mother,<15,5-10,0,no,yes,yes,yes,yes,yes,yes,yes,very_good,medium,high,very_low,very_low,excellent,9,9,45.0,1.8
F,17,Rural,Greater_Than_3,Together,secondary_education,higher_education,at_home,services,course,father,<15,5-10,0,no,yes,yes,yes,no,yes,yes,no,very_good,medium,high,low,very_high,excellent,0,10,50.0,2.0
F,18,Urban,Greater_Than_3,Together,higher_education,higher_education,teacher,other,course,mother,<15,2-5,0,no,yes,yes,no,yes,yes,yes,no,very_good,high,high,medium,medium,excellent,2,11,55.00000000000001,2.2
F,17,Urban,Greater_Than_3,Apart,higher_education,secondary_education,services,services,course,mother,<15,2-5,0,no,yes,yes,no,yes,yes,yes,yes,excellent,low,low,very_low,low,excellent,23,13,65.0,2.6
F,17,Urban,Greater_Than_3,Together,lower_secondary,lower_secondary,other,other,course,mother,<15,2-5,0,no,yes,no,no,yes,yes,no,yes,very_good,low,low,very_low,very_low,good,12,9,45.0,1.8
F,17,Rural,Less_Equal_3,Together,lower_secondary,lower_secondary,services,services,course,mother,<15,5-10,0,no,yes,yes,yes,yes,yes,yes,no,good,medium,low,low,low,good,3,11,55.00000000000001,2.2
F,17,Urban,Greater_Than_3,Together,secondary_education,primary_education,services,services,course,father,<15,5-10,0,no,yes,no,no,no,yes,yes,no,good,high,medium,low,medium,excellent,1,15,75.0,3.0
F,17,Urban,Less_Equal_3,Together,no_education,lower_secondary,at_home,at_home,home,father,15_30,5-10,0,no,no,no,no,yes,yes,yes,no,good,medium,medium,low,medium,bad,0,15,75.0,3.0
M,18,Urban,Greater_Than_3,Together,higher_education,higher_education,other,other,course,mother,<15,5-10,0,no,no,no,yes,yes,yes,yes,no,very_good,medium,medium,low,low,good,3,11,55.00000000000001,2.2
M,17,Urban,Greater_Than_3,Together,secondary_education,secondary_education,other,services,reputation,mother,<15,<2,0,no,no,no,yes,no,yes,yes,no,very_good,medium,very_high,medium,very_high,excellent,3,16,80.0,3.2
M,17,Rural,Greater_Than_3,Together,lower_secondary,lower_secondary,services,other,course,mother,>60,<2,0,no,yes,no,no,yes,yes,yes,no,very_good,high,very_high,very_high,very_high,very_good,8,10,50.0,2.0
F,17,Urban,Greater_Than_3,Together,higher_education,higher_education,teacher,services,course,mother,<15,5-10,0,no,yes,yes,yes,yes,yes,yes,no,excellent,high,high,very_low,medium,very_good,7,9,45.0,1.8
F,17,Urban,Greater_Than_3,Together,higher_education,higher_education,teacher,teacher,course,mother,15_30,5-10,0,no,yes,yes,no,no,yes,yes,yes,very_good,medium,medium,very_low,low,very_good,4,14,70.0,2.8
M,18,Urban,Less_Equal_3,Together,lower_secondary,lower_secondary,other,other,course,mother,<15,>10,0,no,yes,no,yes,yes,yes,yes,no,very_good,very_high,very_high,low,high,excellent,2,8,40.0,1.6
F,17,Rural,Greater_Than_3,Together,lower_secondary,higher_education,at_home,other,course,father,<15,5-10,0,no,yes,no,no,yes,yes,yes,yes,very_good,high,medium,very_low,very_low,excellent,7,14,70.0,2.8
F,18,Urban,Greater_Than_3,Together,secondary_education,secondary_education,services,services,home,mother,<15,2-5,0,no,no,no,yes,yes,yes,yes,no,excellent,medium,high,very_low,very_low,very_good,0,0,0.0,0.0
F,18,Urban,Less_Equal_3,Together,lower_secondary,lower_secondary,other,other,home,other,<15,2-5,0,no,no,no,yes,no,yes,yes,yes,very_good,medium,medium,very_low,very_low,bad,0,0,0.0,0.0
F,18,Rural,Greater_Than_3,Together,lower_secondary,lower_secondary,at_home,other,course,mother,15_30,>10,0,no,no,no,yes,yes,yes,no,no,very_good,high,high,very_low,very_low,very_good,0,0,0.0,0.0
F,17,Urban,Greater_Than_3,Together,secondary_education,higher_education,services,other,course,mother,<15,5-10,0,no,no,no,no,yes,yes,yes,no,very_good,high,very_high,very_low,medium,excellent,16,15,75.0,3.0
F,19,Rural,Greater_Than_3,Apart,secondary_education,primary_education,services,at_home,home,other,<15,5-10,1,no,no,yes,no,yes,yes,no,no,excellent,high,medium,very_low,low,excellent,12,13,65.0,2.6
F,17,Urban,Greater_Than_3,Together,secondary_education,lower_secondary,other,other,home,mother,<15,2-5,0,no,yes,yes,no,yes,yes,yes,yes,very_good,medium,low,low,medium,bad,0,0,0.0,0.0
F,18,Urban,Less_Equal_3,Together,secondary_education,secondary_education,services,services,home,mother,<15,>10,0,no,yes,no,no,yes,yes,yes,no,excellent,medium,medium,very_low,very_low,very_bad,7,17,85.0,3.4
F,17,Rural,Greater_Than_3,Apart,secondary_education,lower_secondary,other,other,home,mother,<15,2-5,0,no,yes,yes,no,yes,yes,yes,no,very_good,medium,medium,low,medium,bad,4,10,50.0,2.0
F,19,Urban,Greater_Than_3,Together,lower_secondary,primary_education,services,services,home,other,<15,5-10,1,no,no,yes,yes,yes,yes,yes,yes,very_good,medium,high,very_low,medium,good,4,11,55.00000000000001,2.2
M,18,Urban,Greater_Than_3,Together,higher_education,higher_education,teacher,services,home,father,<15,2-5,1,no,yes,no,yes,yes,yes,yes,no,very_good,medium,medium,low,low,bad,0,0,0.0,0.0
M,18,Urban,Less_Equal_3,Together,secondary_education,higher_education,services,other,home,mother,<15,2-5,0,no,no,no,yes,yes,yes,yes,yes,very_good,medium,medium,very_low,medium,excellent,11,15,75.0,3.0
F,17,Urban,Greater_Than_3,Apart,lower_secondary,lower_secondary,at_home,at_home,home,father,<15,2-5,1,no,yes,no,no,yes,yes,yes,yes,good,medium,very_low,very_low,low,very_good,0,0,0.0,0.0
F,18,Urban,Greater_Than_3,Together,lower_secondary,secondary_education,at_home,other,course,mother,<15,5-10,0,no,yes,no,no,yes,yes,yes,no,very_good,medium,medium,very_low,low,good,4,10,50.0,2.0
F,18,Urban,Greater_Than_3,Together,secondary_education,lower_secondary,other,services,other,mother,<15,5-10,0,no,no,no,no,yes,yes,yes,yes,excellent,high,medium,low,medium,very_bad,7,14,70.0,2.8
M,18,Rural,Greater_Than_3,Together,higher_education,secondary_education,teacher,services,course,mother,<15,5-10,0,no,no,no,no,yes,yes,yes,yes,excellent,medium,low,very_low,low,very_good,9,16,80.0,3.2
M,18,Urban,Greater_Than_3,Together,higher_education,secondary_education,teacher,other,course,mother,<15,5-10,0,no,yes,yes,no,yes,yes,yes,yes,excellent,high,very_high,low,medium,excellent,0,9,45.0,1.8
F,17,Urban,Greater_Than_3,Together,higher_education,secondary_education,health,other,reputation,mother,<15,5-10,0,no,yes,yes,yes,yes,yes,yes,yes,very_good,high,medium,very_low,medium,very_good,0,15,75.0,3.0
M,18,Rural,Greater_Than_3,Together,secondary_education,lower_secondary,other,other,course,mother,15_30,<2,1,no,yes,no,no,no,yes,yes,no,bad,very_high,very_high,very_high,very_high,excellent,10,13,65.0,2.6
M,19,Rural,Greater_Than_3,Together,primary_education,primary_education,other,services,home,other,30_60,2-5,3,no,no,no,no,yes,yes,yes,no,excellent,high,high,medium,medium,bad,8,8,40.0,1.6
M,17,Urban,Greater_Than_3,Together,secondary_education,secondary_education,health,other,course,mother,15_30,2-5,0,no,yes,yes,no,yes,yes,yes,no,very_good,very_high,high,low,medium,good,2,13,65.0,2.6
M,18,Urban,Less_Equal_3,Together,primary_education,secondary_education,at_home,services,course,mother,<15,<2,1,no,no,no,no,yes,no,yes,yes,very_good,medium,medium,low,medium,good,7,8,40.0,1.6
M,19,Rural,Greater_Than_3,Together,primary_education,primary_education,other,other,home,other,30_60,<2,1,no,yes,no,no,yes,yes,yes,no,very_good,high,high,medium,medium,excellent,4,8,40.0,1.6
M,17,Rural,Greater_Than_3,Together,higher_education,secondary_education,services,other,home,mother,15_30,2-5,0,no,yes,yes,yes,no,yes,yes,yes,very_good,very_high,very_high,very_low,medium,bad,4,11,55.00000000000001,2.2
F,18,Urban,Greater_Than_3,Together,secondary_education,secondary_education,services,services,course,father,<15,2-5,0,no,yes,no,no,yes,yes,no,yes,excellent,medium,high,very_low,very_low,excellent,0,9,45.0,1.8
F,17,Rural,Greater_Than_3,Together,higher_education,higher_education,teacher,services,other,father,15_30,2-5,0,no,yes,yes,yes,yes,yes,yes,no,very_good,medium,medium,very_low,low,excellent,4,13,65.0,2.6
F,17,Urban,Less_Equal_3,Apart,secondary_education,lower_secondary,services,other,reputation,mother,15_30,2-5,0,no,no,no,no,yes,yes,no,yes,very_bad,low,medium,very_low,low,excellent,2,11,55.00000000000001,2.2
M,18,Urban,Less_Equal_3,Together,primary_education,primary_education,other,services,home,father,15_30,<2,0,no,no,no,no,no,yes,yes,yes,good,medium,low,very_low,low,good,4,10,50.0,2.0
F,18,Urban,Less_Equal_3,Together,primary_education,primary_education,at_home,services,course,father,15_30,5-10,0,no,no,no,no,yes,yes,yes,no,excellent,medium,low,very_low,very_low,very_good,0,16,80.0,3.2
F,18,Rural,Less_Equal_3,Apart,primary_education,higher_education,at_home,other,course,mother,30_60,2-5,0,no,no,no,no,yes,yes,no,yes,very_good,medium,high,very_low,high,excellent,0,13,65.0,2.6
M,18,Rural,Less_Equal_3,Together,primary_education,primary_education,at_home,other,other,mother,15_30,2-5,1,no,no,no,yes,no,no,no,no,very_good,high,medium,low,medium,excellent,2,12,60.0,2.4
F,18,Urban,Greater_Than_3,Together,secondary_education,secondary_education,services,services,other,mother,15_30,2-5,0,no,yes,no,no,yes,yes,yes,yes,very_good,medium,low,very_low,medium,good,0,10,50.0,2.0
F,17,Urban,Less_Equal_3,Together,higher_education,higher_education,at_home,at_home,course,mother,<15,2-5,0,no,yes,yes,yes,yes,yes,yes,yes,bad,medium,high,very_low,very_low,very_bad,0,15,75.0,3.0
F,17,Rural,Greater_Than_3,Together,primary_education,lower_secondary,other,services,course,father,15_30,2-5,0,no,no,no,no,no,yes,no,no,good,low,low,very_low,low,good,0,12,60.0,2.4
M,18,Rural,Greater_Than_3,Together,primary_education,secondary_education,at_home,other,course,mother,15_30,2-5,0,no,yes,yes,no,yes,yes,no,no,good,medium,high,low,high,good,4,10,50.0,2.0
M,18,Urban,Less_Equal_3,Together,higher_education,higher_education,teacher,services,other,mother,15_30,5-10,0,no,no,yes,no,yes,yes,yes,yes,very_good,low,low,low,low,excellent,0,13,65.0,2.6
F,17,Rural,Greater_Than_3,Together,primary_education,primary_education,other,services,reputation,mother,30_60,<2,1,no,yes,yes,no,yes,yes,yes,yes,excellent,low,very_low,very_low,low,very_bad,0,0,0.0,0.0
F,18,Urban,Greater_Than_3,Together,lower_secondary,secondary_education,at_home,services,course,father,15_30,<2,0,no,yes,yes,no,yes,yes,yes,yes,excellent,low,medium,very_low,low,very_good,0,10,50.0,2.0
F,18,Rural,Greater_Than_3,Together,higher_education,higher_education,other,teacher,other,father,30_60,2-5,0,no,yes,yes,no,no,yes,yes,yes,good,low,low,high,low,excellent,10,11,55.00000000000001,2.2
F,19,Urban,Less_Equal_3,Together,secondary_education,lower_secondary,services,services,home,other,15_30,2-5,2,no,no,no,yes,yes,yes,no,yes,good,low,low,very_low,very_low,good,4,9,45.0,1.8
M,18,Rural,Less_Equal_3,Together,primary_education,lower_secondary,at_home,services,other,father,30_60,<2,0,no,yes,yes,yes,yes,no,yes,yes,very_good,medium,medium,low,medium,good,3,12,60.0,2.4
F,17,Urban,Greater_Than_3,Together,lower_secondary,lower_secondary,other,at_home,home,mother,<15,5-10,0,no,no,no,yes,yes,yes,no,yes,good,high,medium,very_low,very_low,good,8,11,55.00000000000001,2.2
F,17,Rural,Greater_Than_3,Together,primary_education,lower_secondary,other,other,course,mother,<15,<2,0,no,no,no,yes,yes,yes,yes,no,good,very_high,very_high,very_low,medium,very_bad,14,5,25.0,1.0
F,18,Rural,Less_Equal_3,Together,higher_education,higher_education,other,other,reputation,mother,15_30,5-10,0,no,no,no,no,yes,yes,yes,no,excellent,high,high,very_low,very_low,very_bad,0,19,95.0,3.8
F,18,Rural,Greater_Than_3,Together,primary_education,primary_education,other,other,home,mother,>60,5-10,0,no,no,no,no,yes,yes,yes,no,very_good,medium,low,very_low,low,very_good,2,10,50.0,2.0
F,20,Urban,Greater_Than_3,Together,higher_education,lower_secondary,health,other,course,other,15_30,5-10,2,no,yes,yes,no,no,yes,yes,yes,excellent,high,medium,very_low,very_low,good,4,15,75.0,3.0
F,18,Rural,Less_Equal_3,Together,higher_education,higher_education,teacher,services,course,mother,<15,2-5,0,no,no,yes,yes,yes,yes,yes,no,excellent,high,medium,medium,high,bad,4,10,50.0,2.0
F,18,Urban,Greater_Than_3,Together,secondary_education,secondary_education,other,other,home,mother,<15,2-5,0,no,no,yes,no,yes,yes,yes,yes,very_good,very_low,medium,very_low,low,very_bad,0,15,75.0,3.0
F,17,Rural,Greater_Than_3,Together,secondary_education,primary_education,at_home,other,reputation,mother,<15,2-5,0,no,yes,yes,yes,no,yes,yes,no,very_good,very_high,high,low,medium,very_bad,17,10,50.0,2.0
M,18,Urban,Greater_Than_3,Together,higher_education,higher_education,teacher,teacher,home,father,<15,2-5,0,no,no,yes,yes,no,yes,yes,no,good,low,high,very_low,high,bad,4,14,70.0,2.8
M,18,Rural,Greater_Than_3,Together,lower_secondary,primary_education,other,other,other,mother,15_30,<2,0,no,no,no,yes,no,yes,yes,yes,very_good,high,medium,very_low,medium,excellent,5,7,35.0,1.4
M,17,Urban,Greater_Than_3,Together,lower_secondary,secondary_education,other,services,home,father,15_30,2-5,0,no,no,no,yes,yes,yes,yes,no,very_good,high,medium,very_low,very_low,good,2,10,50.0,2.0
M,19,Rural,Greater_Than_3,Together,primary_education,primary_education,other,services,other,mother,15_30,<2,1,no,no,no,no,yes,yes,no,no,very_good,medium,low,very_low,medium,excellent,0,0,0.0,0.0
M,18,Rural,Greater_Than_3,Together,higher_education,lower_secondary,other,other,home,father,15_30,<2,1,no,no,yes,no,yes,yes,no,no,excellent,high,medium,high,medium,good,14,5,25.0,1.0
F,18,Rural,Greater_Than_3,Together,lower_secondary,lower_secondary,at_home,other,other,mother,15_30,5-10,0,no,no,yes,no,yes,yes,no,no,excellent,medium,medium,very_low,medium,very_good,2,10,50.0,2.0
F,18,Rural,Greater_Than_3,Together,higher_education,higher_education,teacher,at_home,reputation,mother,30_60,<2,0,no,yes,yes,yes,yes,yes,yes,yes,very_good,high,medium,low,low,excellent,7,6,30.0,1.2
F,19,Rural,Greater_Than_3,Together,lower_secondary,secondary_education,services,other,course,mother,<15,5-10,1,no,no,no,yes,no,yes,yes,no,excellent,high,low,very_low,low,excellent,0,0,0.0,0.0
F,18,Urban,Less_Equal_3,Together,secondary_education,primary_education,teacher,services,course,mother,<15,2-5,0,no,yes,yes,no,yes,yes,yes,no,very_good,medium,high,very_low,very_low,very_bad,0,8,40.0,1.6
F,18,Urban,Greater_Than_3,Together,primary_education,primary_education,other,other,course,mother,15_30,2-5,1,no,no,no,yes,yes,yes,no,no,very_bad,very_low,very_low,very_low,very_low,excellent,0,0,0.0,0.0
M,20,Urban,Less_Equal_3,Apart,lower_secondary,lower_secondary,services,services,course,other,<15,2-5,2,no,yes,yes,no,yes,yes,no,no,excellent,very_high,high,high,very_high,very_good,11,9,45.0,1.8
M,17,Urban,Less_Equal_3,Together,secondary_education,primary_education,services,services,course,mother,15_30,<2,0,no,no,no,no,no,yes,yes,no,bad,high,very_high,medium,high,bad,3,16,80.0,3.2
M,21,Rural,Greater_Than_3,Together,primary_education,primary_education,other,other,course,other,<15,<2,3,no,no,no,no,no,yes,no,no,excellent,very_high,medium,medium,medium,good,3,7,35.0,1.4
M,18,Rural,Less_Equal_3,Together,secondary_education,lower_secondary,services,other,course,mother,30_60,<2,0,no,no,no,no,no,yes,yes,no,very_good,high,very_low,medium,high,excellent,0,10,50.0,2.0
M,19,Urban,Less_Equal_3,Together,primary_education,primary_education,other,at_home,course,father,<15,<2,0,no,no,no,no,yes,yes,yes,no,good,low,medium,medium,medium,excellent,5,9,45.0,1.8
